latitude,longitude,roof_area,efficiency,tilt,direction,orientation_score,solar_irradiance,actual_generation_kwh
7.046078195708493,81.00119134439555,187.80380036178883,0.15936355202774422,20.749913884588377,N,0.7319049123371881,4.362207601536448,38.549412275625436
9.110561249411719,81.49140789152997,163.83819946028535,0.16734356593750213,2.0466202578190362,N,0.5869886997609017,5.173637550733657,41.23097947732528
9.888951599614412,81.39633795255934,100.69166726866825,0.20545473932021802,9.31434227504377,E,0.6687385228564859,4.412922775462593,12.672543919786307
6.020104021317572,80.12318979985692,21.810020181118954,0.15400043860598922,19.68006917728331,S,0.5090405461028427,3.759372521360457,40.77393486835513
9.489463463163728,80.1134238864571,158.9469821322279,0.20696496848121715,12.40941134978819,S,0.7001649342053791,3.50428502923753,15.10916120840302
8.390522134394633,80.36316617226431,99.97527679742807,0.12881344309766915,7.270543910447769,E,0.7749384605781052,4.848750058760787,25.302872592042124
9.793530476659285,80.55825692531617,225.6903241989498,0.19767984372086306,20.165313676737533,SE,0.8097912964135434,6.010590266679777,3.2223287166204138
7.760038070105711,80.65775672095782,26.70495427573538,0.20475476330547365,12.912391737914014,NW,0.831745172564355,5.21694555689023,2.9307678882247186
9.289551722285495,81.22736415535003,183.75178716562144,0.13818176528373388,10.32430572693659,N,0.91814565655123,6.4976218968303225,32.69642136021693
6.149576274393109,79.91902890754825,283.61278650169834,0.16303465323722005,18.559416697615234,N,0.6077314536378651,4.3605399369416,20.557119031022808
7.241116200313183,79.87281267887474,68.83459479121987,0.13654997746636555,5.331370323286926,E,0.5602409112192339,4.341365194280166,12.276864516245572
6.16806615100484,80.62301218218221,152.0618574101667,0.19066041289942176,37.10982932301629,E,0.9257685859489628,3.979248380701833,9.378193825096048
9.801372533916282,81.26404375348976,45.59815770879869,0.17353477680616566,34.70808391676956,SE,0.5783064074463249,3.9921907647960055,30.477953597805595
9.167895629087347,80.20621422020861,195.19093543317874,0.1835323346708321,28.304823429621415,SW,0.9873800406680977,4.355559788030144,1.0176679371149544
9.310189684983882,81.14715941063812,174.14887056694317,0.1396486966956211,4.248553103538248,S,0.9212691146993185,5.878520135820581,36.459211444661584
9.651860925735576,80.34563908967463,134.06234677959304,0.14117458620524195,31.03509017878772,NE,0.7504383029447996,6.217270371909343,4.486982669716868
6.240413944479142,81.6607808285084,165.98556601264755,0.12414973255099063,32.31829312436076,SW,0.9907107124610126,6.425261509123044,9.425543055957256
7.442390370053333,81.6809488829599,271.0409043713229,0.15220675351957297,30.710584708573506,W,0.5486883645540022,4.196868962289358,17.994401393159944
6.184139556176008,80.42430312899079,74.96240464709877,0.17597446613336748,4.558635484769646,S,0.6515328805875509,6.143892636842275,22.333784547508557
6.743172406200115,80.2829868833228,26.318063277497224,0.20579349139973288,25.756318282710588,N,0.8191122075203057,4.484765267832011,16.61978509581344
6.81746310815069,80.66373834133908,261.2661677157483,0.18669274474586806,33.372991829975945,W,0.6750034342365894,3.8385216335506533,15.11133525930893
7.776428844190315,80.30511632887831,181.5927830686138,0.16353963233997515,23.09413604878671,SW,0.9641862759903959,6.110074776560497,43.41230453122029
6.974248669814571,81.21200607091258,269.3843675293159,0.21531201143941378,25.85629500912356,E,0.5328130440889087,5.408316903930856,29.229505974709348
6.303912427271045,81.53473583755141,187.1446625556883,0.1919245200575832,18.334539177052246,SE,0.7747059160304823,3.994192688243185,2.031050036165081
6.569964356376431,81.21349347491356,246.8451051887167,0.213016520286255,21.148292795362103,S,0.7954331336975573,4.789493772539007,19.92773997154978
6.489102254208364,81.53113593922363,140.3085417394414,0.17275879732721655,1.3750743340690086,SE,0.8263640618886121,4.361773084631203,39.50038278873469
9.792307191649193,80.6336835406357,229.96078076071527,0.14589042747931397,25.558520878931382,W,0.6278331116659073,5.710383706130591,14.26407220206939
8.937170027673895,80.1282656384886,275.65161072915964,0.1252826686364722,3.2578885156463677,S,0.6822832137599322,4.860248691872805,5.160479170073082
9.771045861078248,81.34969698953495,180.19442984221774,0.19260848514838505,17.400583773608936,NW,0.9218402648324888,6.467839835319155,34.36892994995638
7.658961946031635,80.55699646079727,70.61984215746628,0.1321302998005534,11.706203906696313,NW,0.5974713844850799,3.6642349467787856,27.664608605187574
7.013473926650627,81.20966873298119,95.26333220845548,0.1502775128271967,21.817118008468523,SW,0.9134339235866811,4.56504579840874,26.09375034436617
9.093172788836746,80.36835227816171,75.62048153127361,0.17324709078838973,5.336653420928283,N,0.7813277114513713,4.945700501329933,3.3573686227259487
7.2050156721645875,79.970582233094,89.11996772680521,0.17644165877797477,27.665736078932728,NW,0.8810937555970411,5.009400664244959,7.181956431002762
7.097533494821393,81.88442177052431,105.79632581829019,0.1800583196987136,31.800461477138814,NW,0.8568036831317358,4.4478074671569106,28.392173433377007
6.830023968831325,80.12802316665426,175.43746029089277,0.13662553303497005,6.53417798972626,NE,0.6037557476924396,5.687720747292704,10.144249024188776
6.418715912896942,81.87568408732332,184.63765624987317,0.15797374048216486,4.172523494075286,SE,0.7844063682169364,6.124241220466924,23.17908350893067
6.925852244067064,81.85228785838954,139.41992922772113,0.18171942271169667,5.820619311494366,SE,0.9338615764025462,6.316157905933589,24.974794185293312
7.321278993895551,81.46701801820689,192.3178183498339,0.21698188646337846,35.08510247594007,NW,0.7160581184009647,5.915280130398578,13.474316371921333
8.595976832582922,81.1847882203722,42.840979171182454,0.19276311376996885,21.12757047025425,NE,0.9832953851116584,6.051740591919798,42.730706843825686
6.150259368877807,81.01339480552728,44.580706376284795,0.21226037570939577,18.690439840300105,SE,0.726107550050859,5.151635901859986,38.06842070076531
6.742027758661372,81.61881324529345,68.11224890014437,0.19622120583141772,4.268472764094171,SE,0.5713928183339423,5.977664679280444,32.78443433584313
9.136094561166706,80.40782299540092,165.06169945129653,0.17917169688924003,25.98224027027847,S,0.6947173400388367,4.410511727443857,4.431730122014
6.487687694335083,80.78213054621824,79.9185100355278,0.13920233691363446,34.7199836758036,S,0.9758512031952686,4.695436286327643,5.669720849596855
7.2705805860900865,81.10071893566966,99.31963297792166,0.1866685651892513,33.127434772938116,NE,0.6598604246699271,4.450739041455633,22.682379218058053
9.35863568743256,80.66349999932594,132.08759412843835,0.1823379565959907,25.04218835923205,W,0.9340490799335315,4.902162006343776,8.07138736440337
6.5197012445737705,80.69772155358956,247.32251472290636,0.18024691704572665,3.011148666066945,N,0.9406253408409448,4.356738848715909,44.04368039529686
6.23094734247276,80.49359780175438,23.881398055600833,0.16897858679882408,4.495881087040519,SW,0.6750932621659805,6.3848343267633405,7.974890297206016
7.838151980320044,80.98488681503753,201.82606966625428,0.17286566039892756,1.972359484392987,NW,0.5416288290253161,4.438533884017004,22.448584760414857
7.109678045114146,81.58620650883175,207.2854286913919,0.1534442527118104,10.299168659698772,NW,0.8622789545794092,3.7941336143328197,17.021326501026238
8.153633457935417,80.22320959381325,243.62361849985822,0.1719312692642303,5.42645868641511,SW,0.655756149506993,5.08045149815124,29.13300254398031
9.115219561933902,81.76230938138224,281.1708229368877,0.1397555905678478,10.401921610097355,NW,0.8914618071287862,3.671297235335529,6.677601991134696
6.448593952610973,81.24708407287129,25.638597705801153,0.2005174397360377,15.402322228758468,NW,0.7213274241302166,3.8316294989257416,19.9339228338652
8.22279633821714,81.52887374662807,63.05943754370053,0.13857769546987078,37.719311362845424,W,0.7426333711713108,4.158168167588739,13.08702144351432
7.922035041559456,80.96800045452302,268.12796233567803,0.12849662898894665,24.415042391267683,SE,0.8889547033742684,4.8930507496464255,40.06106708555427
6.476315144052799,81.43698507299054,148.3851974123643,0.16362460263571574,33.398951427318494,N,0.691181665530814,4.799752796927084,2.7857713339265837
8.395993942115929,79.83402083441288,178.08537890136978,0.18583074395060617,28.41406002849329,NW,0.7215636726614573,5.899075586008374,41.204009736284206
6.994561671443087,81.51859889203703,205.64761704248127,0.16377168249335414,4.50012522106527,NE,0.688095234384811,5.71842396165234,37.651742096332015
7.85133727417605,79.88429160407927,210.13864925877846,0.14767541319513086,29.436816254957954,W,0.68367025763864,4.778954881972104,14.09311152339588
6.229089297108247,81.66881809036201,280.8873129286223,0.17581711838904407,11.003955262364977,NW,0.7629732884507296,4.50111262272689,35.728788805792604
7.738336228854493,81.88312176920115,299.1458368752675,0.15470023354121998,25.564313879788255,NE,0.9043997222505753,4.4494063521844955,2.3733966549048926
7.125853872171282,80.41754167057124,221.64408906066328,0.2132867690126633,13.638478945719541,S,0.6808841559612829,5.821985261882027,43.542084212909316
9.189524844741417,80.24166896820016,100.42193857744223,0.21226451396035723,39.90689053058637,SE,0.7621273602688683,3.656217218663809,24.17017747395073
6.1279149079894735,81.40726306410188,266.3306726424162,0.17023718199720955,10.542059179871114,E,0.8353636627213004,3.5384649485318174,14.344365146879593
7.574429099673321,80.33135531593253,33.78185607141325,0.15278839940182584,11.165218830970787,NW,0.6347197231518276,5.886633175779944,16.953661354165792
7.733725696525752,81.61768100466163,84.70263880485894,0.19371324139566393,37.22689022249593,NE,0.6387614024511963,4.931439127967148,3.921835552261884
8.800024305196475,80.0159694435307,271.26800088984015,0.12367129434830666,0.9857761854529068,W,0.9667065635117273,3.8926434156607277,44.531378617849725
8.197150300360844,80.06450591239665,91.73362404301939,0.16747690060436513,27.867559514927876,SE,0.8617672866655444,4.206697803783504,2.728845586630468
8.568849348776725,81.85621826571129,81.78229669408958,0.15363233942703336,29.013055629435126,N,0.7885933381116544,6.297511859292148,29.815913418505797
9.008197142607024,81.21506168636701,58.67508207926923,0.21205358851025546,33.45514309641597,W,0.823860027210306,6.078508926874694,20.480380819084164
9.348811894632755,81.57846317130081,260.5512921411366,0.12120030272726826,38.977572425539016,S,0.5146497215517092,5.629355150671918,42.75231360030347
7.155501986889883,80.48109169243818,160.01631257350428,0.1752814875718349,39.0240767662661,SW,0.8090514827808484,4.946675691011979,11.823988573498987
8.052090821455613,81.22061587399327,208.97009685516335,0.19406635810666262,2.6110703026585558,NW,0.754754436612101,5.060970878574157,24.4118202532725
9.2604323137568,81.04790783734806,86.9385875410083,0.16850179875240412,32.8735729101161,N,0.7728748398897178,6.425733605851876,22.223673177641132
9.857804523860226,81.06661525225819,232.25131788314062,0.12854030301627217,25.852397346295252,NE,0.6797119134154086,6.397311331652862,31.926123538204457
9.458077244175053,81.23331816502922,232.80155258938757,0.21724613900279022,25.89368537492365,NW,0.540736948856471,4.145807137357503,3.9924502059065023
7.385869050497508,81.0082542635711,107.52744697432404,0.1718010431376098,5.133997064587792,NE,0.5966696168060261,5.9333136989159545,9.526721721027613
6.6806660688746025,80.7010309755356,134.9911372428792,0.18141862443190113,26.007486657826135,N,0.9753723566063359,4.09172799850105,10.440852084085392
7.857570149626355,80.37943765819915,78.71327768045623,0.14366097827075072,39.299303224049915,NE,0.704349781135467,4.140612433651854,33.47863321303434
8.86656580734417,81.41402079491773,293.4370865304132,0.16834980851068038,36.47274278157788,W,0.7333415779154321,5.52827910249373,9.322102638376563
7.87027628301319,80.2751721030067,200.76872157635526,0.1629149491958322,17.56522643219402,SE,0.5263548949267195,4.715003295762646,26.233637611202973
7.832723453254674,81.25394404292427,281.67228660034436,0.12748958420019837,1.5979189314437736,NE,0.5187831147719904,6.294633221319561,10.470728102041964
9.252921684327202,80.28999892756359,104.94795221615729,0.13061603535474672,14.491739600008193,S,0.8585907235233788,3.7670292046880265,38.91149780369505
7.345615116268746,81.11319335690436,238.92945563912912,0.20374725196187746,33.05561246402221,SE,0.7690473320605556,5.034576922428479,42.4561599975441
9.339178699246583,81.36886436097096,234.44042028772776,0.14398199522065902,28.059964058606642,W,0.7543529921081333,6.255564591329364,23.813690897458578
7.527219203806895,80.25929916670373,213.66358252263163,0.13949582714986306,18.373746223758257,NW,0.6215622652113344,6.2123409814385155,16.501590905203845
7.212932422713358,79.92588093180875,290.37891307470414,0.17049114512501393,2.2040614063532438,E,0.8723753658149611,3.969587640247224,11.298542100769962
7.715959644798796,80.07504486028776,130.19549410976833,0.1968747131362513,17.075789112932107,NW,0.5841182895542459,4.59991310028937,3.1903640670139257
8.949787834699475,81.07259363126916,56.600850605132045,0.1261946518578988,18.76099758871534,NE,0.59496737183051,5.357364200140089,12.814003352689797
6.404008111455978,81.58383745307405,208.07848058833702,0.17768079196382558,37.14222131576544,NE,0.7303560856741378,3.9781846543142065,29.78637431759399
6.685676863488069,79.8944933245944,224.20674413361772,0.13192104428405732,25.643444143286377,S,0.6431399310559704,6.404066516137216,24.479144977605277
9.705779302652369,81.34171764398747,181.0169605684681,0.12364610508256184,12.466116666185956,W,0.6237314906165732,6.244247986182981,42.537816244360805
6.60196650952543,80.51676915649512,77.90901007735096,0.12527439521622175,21.012730578028854,S,0.8226188222766658,4.000850537103408,18.436199549634825
8.170909271724218,80.804909576831,161.24766366741952,0.20341641082084413,2.642212312886403,SW,0.8254858726092722,3.8634663837829564,31.529987062449358
8.217257866647753,81.75060505467569,107.41312623935623,0.13179724836280615,38.90272942598947,W,0.9122585348999646,3.7562254484247957,22.53020088890534
7.8584978482009795,80.49714015994527,139.69062788667293,0.12451513644122919,14.40239607722904,N,0.7088542834864879,6.2283309921098935,23.553353500665313
8.478980994307275,80.77720756127292,200.6612012365059,0.16378998871429123,19.114694196525434,N,0.5365425455130751,4.080871429386383,12.78206984258117
6.8193069031904745,79.82873307099743,228.66012795343366,0.2043993471942025,14.211358969476905,N,0.6368331924607289,4.748854785633064,21.017834181047988
8.110649071106993,79.97135731201016,85.02291345237607,0.1462408376489302,27.300469204648007,S,0.9900027315984085,4.846554096956009,21.714539868559118
7.3886930209875885,80.34304234138304,133.49110098114693,0.16217126175259164,26.48928633318372,N,0.798129287616351,5.297033132640703,32.092270956953094
8.546669038516757,79.85848970572425,95.36523987765617,0.12399225325637511,28.612892421165427,W,0.8548685424005101,3.7152060312422748,42.38815996418901
6.464894173492598,81.12588818470132,75.61685188132336,0.16490785141348757,10.725729184476833,N,0.5036789148127072,4.1802758522015475,15.490136209230188
8.183509667357905,80.69543654928341,239.34842159883473,0.17776130806371337,12.62673924656264,E,0.7591028660912604,6.294471160756778,2.8568206175771316
6.641081421533295,80.95110492572884,274.5907544423579,0.17709070537521449,5.010049243848318,N,0.5187643287659016,6.225230321805709,22.836985522028147
7.014572252460146,80.16675909038229,123.66501199168148,0.1532426692174365,26.220398873844502,NE,0.784615106045724,5.843871942217077,24.95629861456342
6.774839201294333,80.4214572618169,230.35809882465472,0.15155331806631356,1.591885093426102,SW,0.9603854248180377,3.5582037368546464,8.411384249804271
6.631351119475269,81.19403139719073,271.1586810220351,0.1306623618936598,23.907293420938363,S,0.9842095652502039,4.481020305488307,34.46044267614693
9.202843806242669,81.82713571962384,256.9147789484648,0.15667983206462682,34.787835394065354,SE,0.7702763376944621,5.383876206028724,44.33688077142563
7.042830270643561,79.90587522456464,71.18774879098325,0.12994946688729647,35.63328593158534,SW,0.7291024026261079,4.325570635320427,42.61408754837228
9.608495127457797,81.66980707379606,287.7617268237412,0.19665959447120518,17.961510414798468,E,0.972508547124247,6.228760085161332,9.672665708240697
9.779706101380764,81.01145052275353,125.46940332024948,0.21662742977481858,18.37214752852295,S,0.8368049159983475,5.4016683854973255,39.51598255563347
8.18504187974839,80.98423109018681,114.98738512867418,0.21700744566667068,3.0787673203206944,W,0.5324496397692047,3.715720151949337,31.99772000211413
6.472004490662906,80.8505849239363,37.480771637778496,0.2065071099375394,26.830601017721428,NW,0.7328627888337488,6.227016766507109,20.96924880750411
7.398192973518325,79.94572758039878,156.12862314936723,0.1800792149339619,32.85037681491382,S,0.620122509232152,6.373299974528668,24.786883750288077
9.090929053392856,79.98874138864593,50.52381237946004,0.19008656972438798,9.786202184188522,NE,0.7349021607243408,3.7331372551751763,38.38240769922815
7.369562914788283,81.06191521188408,89.59114985967928,0.1485205802680414,16.852035265334585,W,0.7277327860031808,5.097080704583945,22.12593734408842
6.248068873211155,80.51601300001467,108.74393409483879,0.18307704201726205,33.553573470610814,SW,0.791072401407371,4.410092846642511,17.42112424062558
8.127139643712752,81.72626293981314,246.47137057767154,0.16556495494398774,35.08481870649152,SW,0.6783852451746256,4.678517229444207,22.702889693143376
9.280483405984139,80.65384012845489,265.136822110851,0.16820173397769325,9.727199210569037,N,0.5821352247279641,4.038953653866026,26.48171137754216
9.08370554857401,80.10089106327554,104.6905688892115,0.1957776560375158,22.02282538165457,W,0.7518597172949781,5.234216306037238,9.319416766247349
6.600492560521413,81.30090955035428,260.4354739484807,0.14819183555972515,7.699726025433082,NW,0.915101442172881,6.373938059746672,40.639940131747586
8.591058457649867,80.41604218502611,260.0246624635415,0.151803961169452,4.075150565582262,NE,0.8320061140338011,5.009217800814827,30.664225748503007
6.782017053742589,80.90348764544737,234.1022661077646,0.21246417911286367,36.4448200556783,N,0.6691839329626079,3.7487437441834435,28.86383236284951
6.77283013820869,81.26544884956085,61.07463192425083,0.12562242948509722,32.820300169284366,N,0.9677615113794287,5.360004000432225,5.3778339519480785
9.39628709322074,81.69055463352436,213.2903971322041,0.16856342984133404,30.401396072126957,NW,0.9561037856245911,4.5206689833537705,27.58365327959404
6.8986758109609205,81.46360150908352,284.6067380825593,0.2112800800407862,1.9506527525256168,S,0.6046741996920494,6.067775568773893,6.322269138493663
6.952989386072045,81.22035824253273,211.111334054804,0.1810363007818157,33.749151708410295,SW,0.5197087925601815,4.80403444494941,4.462697708597558
5.902613563045199,81.2272296830298,112.8527177501935,0.1746407074212132,17.52176303621535,N,0.8706543541753811,4.078518826826737,24.201679408265306
9.38267613650207,81.78644175246738,160.16220888063276,0.14497441792293553,13.695804931834385,E,0.9138051306745767,4.073316868073435,18.72256349804578
9.070379252836538,80.42123060474273,200.803012138295,0.15432754890644482,21.859054441015058,E,0.9839322829756776,5.806292542163481,26.907651886873822
8.409315740362713,79.80233539781199,162.959714443981,0.2052048415804693,3.654129708942233,SW,0.9449181970441554,4.2967627949220795,4.925775394518498
8.901063055755369,80.37110457473622,53.58682368467155,0.1759218131768458,30.265861974095955,E,0.8002673841032074,5.801700182477669,19.96325476527937
6.5081942696979675,80.25757189721617,107.37793250256578,0.17147421937567797,23.297403075531836,NW,0.7650261696061904,4.117661932299798,8.690615461986951
7.733294378350302,81.1898526287394,244.67088855501711,0.1299579713540029,7.463603874926701,S,0.5139205256312931,4.465059106103928,44.43240378066113
7.304877549395124,81.13079435950762,261.1970529067449,0.12160281564551231,7.529287990761824,NE,0.6233282234223889,4.896460917319098,25.69060934714767
6.275106105028066,81.04626890367992,58.44400916035966,0.2163685188687049,7.369946062906969,SE,0.7298073758664632,6.329587549080352,31.24722188139816
7.844521940859696,79.83411123073985,286.66829067164286,0.15769861672868415,2.2800955020773594,N,0.814251950041784,6.295194274261474,15.318404350034744
9.582958601370542,81.33043391434636,112.07033299761062,0.18032130620995043,23.511937974867394,SE,0.7786259166592053,4.120615626266863,5.168512250291142
6.060236476202778,80.47941386621953,205.4478468446016,0.1279715073187285,33.61392710354033,NE,0.8713179948408453,4.574657123729218,43.93831796247561
7.065843653975175,81.19661757691392,230.51104086787072,0.18831142857230465,0.699928559495544,NE,0.6398834654435204,3.948198165361317,13.59539755686006
6.730163744822814,80.96881469985452,247.34494569860735,0.21325667087059608,1.960185798850942,NW,0.7824763038262366,5.0299552379404915,19.647560147637265
6.852586614662785,80.5197349433986,284.80991662326045,0.17756652529974196,22.91081106747783,S,0.5440711216953961,4.881747652084,29.5940125549133
9.533738207517501,80.08261016091862,107.61747344807033,0.13261153223754105,32.77982741544209,E,0.7068327617916035,6.202280487352198,2.0866810981888966
7.772276216937161,79.99827968508701,260.38180727443523,0.17817215274734766,13.069555622745344,E,0.8750804164773005,6.290016133373218,36.651401742760626
7.765197651759276,81.54618849953567,56.87233296213797,0.19663472131046522,13.984575952308887,NW,0.846700426714522,4.650702173021877,24.609440361259292
8.94230256982113,81.72863483837128,217.41145377900597,0.16064165365740185,23.853859899871036,NE,0.9953213685860895,4.975213829056968,13.241556231028174
6.517968816019703,81.16455489820503,227.75376426391605,0.2079837747941468,10.96851556496588,S,0.6389455629938781,6.188708747438399,3.710751352868647
7.849061416400204,80.01721164120701,209.76250753636972,0.18486829533573645,1.0643346431073653,S,0.7490946495869896,5.920123423235184,8.149930280875424
7.61994085648424,80.64425715546531,90.64812611784284,0.20992489182892027,29.409140724063842,SW,0.6647652068869984,3.510968934033948,40.381489789551225
8.287642762186625,81.33077232022083,264.4520811642569,0.1823505311247337,25.025996517658125,W,0.7203015570295874,4.460178692550747,31.185065853179204
9.898230813001755,81.43762385642114,67.2803697437106,0.13312879720048243,23.230239962226364,N,0.928475064934694,4.765322725808378,11.995675752023153
8.97779557632819,80.04825910681129,35.017741625832635,0.1509691711105189,29.667365159672926,NW,0.8421045375942433,4.189148851049695,3.8864336575812994
7.4914628120697095,79.80006450957531,220.8901973713354,0.1401794948252457,27.0092335024815,W,0.9412205956737909,4.098714847687816,31.387073745011996
9.210212209096188,81.29548779634928,153.13320026516544,0.21088264977168625,8.235279527132846,NW,0.6017555541659432,3.6133535197870392,26.185939942581665
6.582833453249921,80.54885196957103,257.7474455884293,0.19604000672874827,14.099241877734045,E,0.936680558920719,5.430109175209282,18.79885907616234
6.02185474523584,80.33441079639834,127.3511994963125,0.1876398368910006,5.044405667145,NE,0.5298811370891923,4.287530871449497,16.998903764362808
6.717793489857092,79.827084686558,67.11800478215959,0.15009663196316217,5.194280536715241,NW,0.9442996402185762,3.6570415352939394,10.539828140880765
7.261646224457039,80.93462875419915,254.20381389156353,0.13840447720502136,27.04782985426157,NW,0.664536889730364,4.192937931584191,30.462895287650774
7.94232302983824,81.58741654439457,173.69469685922007,0.1956451087988912,34.34400427929993,SW,0.6572938167070332,5.90574185850838,43.7093932229303
8.3605165621648,81.81102645717245,72.97482186929938,0.16741579458790795,38.509303354445564,SE,0.7560442883493319,6.05446754493964,8.731470816820337
9.542422868857688,80.98806439628791,221.7075196042048,0.14257895521506292,25.133884701977777,E,0.9703450938616158,4.949198735579908,27.273131280682147
7.939416038201831,80.88036878825378,163.11181877706014,0.1816621978165275,7.364052934438279,N,0.5238906823407027,4.748212011226059,19.664142452822954
7.905102578502918,79.9786184095274,189.20763502728954,0.12403338521384519,4.226013817957228,S,0.6761154875353727,6.433561080505346,20.654303756765255
6.100972039291928,80.95263288323946,149.05153469784292,0.15261702541282535,32.51403886147031,NE,0.9282859943416679,4.10169397876421,12.182480325623834
6.039646210624896,80.59795606582733,252.03851546904178,0.16685569945911347,23.15025905439997,E,0.6980272387177333,4.146077848563825,37.30593452910244
8.104639847665489,81.07498408985552,252.27756039125396,0.1347958334109406,24.731400840548794,SE,0.5995784487985335,4.375601531109199,22.35124658247861
7.652714452993378,80.61632533054075,218.62887011082813,0.21846544775908394,31.25848355018837,NW,0.7123970906657059,4.018271954843262,24.90985749672362
9.256721579921194,80.30462815924577,49.51238567100944,0.14090973645896143,28.131089109298063,N,0.6927762507458346,4.63809679461256,14.409480163082334
6.542718338847381,79.99942707797959,254.87908133313928,0.13303531300432656,33.378330114243866,NW,0.9577081007333517,6.232502680969262,8.99957248934579
5.999886648468198,80.46132873363668,207.88363454921475,0.14035348738868964,2.248556218395139,N,0.8809671878715486,5.346043521885723,4.780057080924101
7.696155071720504,80.00295415200428,215.16676648120387,0.1969061133159724,29.900825469860195,SW,0.7525577778720032,4.735839645836791,32.4212422006963
6.84991422700903,80.17148359673037,121.63519531308405,0.16255056592718428,34.03411029288382,NW,0.9941852833607856,6.303232383713644,9.634308394265647
6.09845749335535,81.87340593301705,266.19827572396184,0.1765415939752538,11.445401698332574,E,0.7326387656379616,3.645392697427467,31.3633155843071
8.798393147390517,80.73261746950391,223.10404806576008,0.12210091569863607,25.617890959730115,SE,0.5291189154101377,4.130828533705584,18.17656362606597
6.346371999828991,80.91693070966053,51.52533062817445,0.12344313085733145,12.566482553478885,N,0.6311371609074925,5.197665815305276,19.294091243544663
8.333278000031086,81.63459891034816,134.17784963372554,0.1645825549827016,38.31884265929816,NE,0.7180352401096564,5.346657869579538,21.643809828081956
7.024199000667557,81.89069469103045,268.18650134883967,0.20166552432016235,1.3369428974201503,N,0.5784513120730601,3.6186725196878395,17.1791743576119
6.5939842014200885,81.02370034362383,33.215076475266116,0.20852388787075654,23.1917137533182,SE,0.9737825631620215,4.7091162737213965,5.427278997793964
7.41900609167727,81.50619502419276,289.19665349977384,0.12867065675956402,6.6601418819806035,S,0.8834244489088865,5.447461894492618,14.623799640125215
9.105783104891815,80.48657615110702,210.1655191294776,0.17383631021010226,28.488808207086347,S,0.6341436002138863,5.594211639210204,30.204311870533292
7.468374307618291,80.44206231063932,196.78527374014544,0.21132296862792704,7.035611336746483,SW,0.795402266758958,5.414419707548808,30.294513664630323
8.903078596844223,80.64567781408857,95.7565918166376,0.15879727543978864,9.415330475934303,E,0.860724578554786,4.461689673082773,13.593869518559753
6.401945187196603,81.21226525161467,89.66170084696958,0.20295658314283688,19.774832441830323,SE,0.970639464453399,3.7805603707937285,21.24451556853827
8.991085678660317,81.2326025474357,283.7763014568067,0.1333695654399436,36.59339799987512,SW,0.9408176745877053,4.781337339258002,9.51167803252525
6.847733299626595,80.46200281276384,103.51628718555436,0.21353944896677987,8.468574885918834,W,0.7575961130691069,3.8862633121041665,10.256371587312774
8.609572519555492,80.07974084068692,237.14148308131982,0.19514233175313028,5.769600844724141,N,0.8873263098965087,6.342870975562001,2.014071889890726
8.163126219363985,81.12803213857757,130.07410349798215,0.21413343927869016,30.359073274161226,W,0.7810723769137925,4.925512598067884,40.456848195940765
9.61657886884675,80.06948431059641,58.99113981971711,0.18766172335525066,20.02478129335724,N,0.77635194502277,4.451777523070603,10.271093263295873
7.449290071901256,81.0148342672816,23.000283354700507,0.1563403931999427,36.47140449527085,S,0.557370979169096,5.798912213356701,11.011490585204387
6.164660755337762,81.25618646891826,172.39205436427022,0.21381811725247224,5.864582286393691,SW,0.5630688290080761,4.993845777746792,13.3024630363858
5.976621942205012,81.27128414242836,293.2180691937011,0.14755667763091784,25.837115720921574,S,0.7647668075112287,4.43010207203735,6.605955154598876
9.207434243891013,81.38229143238516,123.35813426657725,0.15321725220617324,9.315165846072603,NE,0.6344307724895033,5.935903227172405,29.127566859979964
7.9989425506457295,81.6330047852879,120.01385351805256,0.19008084180017404,6.270417146065572,W,0.5105184512302343,6.101456453003366,4.306289939813809
9.000976207339797,80.84991388312606,116.34565299784379,0.19653162995253864,27.33717660629082,W,0.8614196019501061,5.519024498866031,6.904906758359411
6.837702400046059,81.3335232980121,165.75227444536037,0.21294034838491538,23.74738479634933,S,0.5162432983450824,3.640893267223002,29.369295969964085
7.280334982052935,81.10026274426826,143.3861673588022,0.14048024090562095,30.19309833449325,NE,0.7976384205520273,5.198968640499596,15.945067301183482
6.020415488845276,80.19194387357513,266.3760954835641,0.1997998035219224,12.378503057847293,N,0.7695968970636572,5.789884735991845,32.14970437485232
9.74596929829645,79.85394825422576,161.54582168257727,0.19385460533969634,17.918866255287597,SW,0.9844073452889022,3.9095090362507463,25.52668876548625
8.571471626803254,80.39753690992156,162.17219469279925,0.1263794556253598,16.21886705321674,NE,0.7421065696738208,4.18601225415381,12.264931614706574
9.632820351037225,80.730370783309,58.74404652175585,0.1587223141210207,39.36357855866057,SW,0.5318007181888986,6.14748531520441,29.636429821530434
6.96198562971629,81.09592248330019,295.16707145490807,0.14827654570600984,11.689958269575516,W,0.7758439839032308,3.5603651655592223,6.116041932886748
8.345854444902644,81.58491459405674,89.99240944327231,0.15044904243540302,11.792689533870675,SW,0.9205480853080508,5.758181413477928,24.60205685552134
8.613999873170552,80.21211600508295,40.54193888868875,0.21829468795547008,14.181928353144295,W,0.9984246421407199,4.921319877543269,20.234516621981523
7.170198801030354,80.0636545587868,205.68094971305845,0.1842777413479928,22.58376325161286,NE,0.7151715868445363,4.8403164765188205,12.786437643967394
9.29243694006252,81.8233078896961,186.70258364392436,0.19176761577934998,10.09290977054981,W,0.6601493712483713,3.5212895974846616,27.576219900538007
9.688645851600992,80.02689357469045,136.24078311796882,0.21766176373150092,36.61159761517096,NW,0.9533266484759995,5.958194692899479,39.338678062972434
9.439420470784018,80.8048312472251,138.21382548658985,0.15772017824576387,10.62742259465054,E,0.5956210645380606,4.5794747019096995,44.95180678957538
8.856267903757491,81.02968383046594,239.81789789300075,0.2001840168452806,35.832629262407785,W,0.8077144575164633,5.122296893901629,27.74156182471068
7.0098587188998165,80.93688628390562,74.79953922790173,0.16345309633044952,4.139002545863386,S,0.7028572120904739,5.5319020590069785,18.807058470483486
7.026464168422527,79.98066752976918,249.6709293045691,0.20695336718149798,26.262508095986092,NE,0.5205411824777777,5.607888729313747,10.90911240951287
9.753441281784152,79.9197565194076,201.6491918906051,0.1380657541311303,36.27942073752975,NW,0.6736442371528488,6.367940176478217,12.312227933384918
5.9411379837427685,80.02151519766818,137.31153665826685,0.21476861770642797,6.749977535929181,N,0.6326142612513372,5.094019859709827,22.096019038589688
8.764199892968579,81.02973413613249,148.2480126434832,0.14187717084108797,38.7330784039702,SW,0.8430455769717434,4.699158652923282,17.160218856351207
8.72498465022105,80.94312426403208,91.86121801210682,0.15262205069809315,18.115334416620467,NW,0.9743952488459591,6.361110879475124,41.207838995497546
8.390758163799191,80.29085566327716,230.59201315515296,0.19561922341067806,37.82860433764098,SE,0.6340235936893188,5.4263307050765635,17.20500057685122
9.860435384347463,81.13932569787575,163.60492784547498,0.15937551415654067,27.07280174520188,NW,0.9057329695758409,4.3944510688296665,17.431562010399162
7.147517743054902,81.52214175431686,109.8392719699562,0.18082113767664465,12.063474794942062,NE,0.5276799084692048,3.8793927362107135,17.875518547094988
7.2598874551729935,79.88731581567784,186.89403241306607,0.16445735010694285,7.532100996684257,NW,0.7690605050199066,6.027663504395544,37.811289256176956
6.2157576117862225,80.8460728814509,298.8056465743704,0.19423699370897818,12.149401849003976,NW,0.5352750318549473,4.586544808382454,29.634686117263684
7.67119254617495,81.24755186541566,141.8734383038351,0.1428331252368611,3.7206963705069995,S,0.9670164955653197,5.481409164093293,28.023429414031277
6.944194104939393,80.32985504684635,277.7935922180135,0.1258457987236877,5.754718653733191,W,0.8831756402786951,4.912449258097695,15.702292984889937
7.273546808710577,80.44631890111562,116.60471517887851,0.14999293974730663,4.186417613859246,SW,0.8289749556022962,4.096789339385115,36.98778378062733
9.23828716102251,81.0886395962777,35.32515793899605,0.16743086648684302,16.91774174966231,E,0.9119481908123321,5.305059825861395,2.68800989965085
9.641938054109984,81.68566411623185,77.18778978316008,0.13680200521926786,31.823135050303456,N,0.8237598977850815,3.6820492068520467,39.31507558287698
6.642932288020743,81.50084128263609,137.23464013175158,0.15547972896563886,5.655342168653608,E,0.9844721985871456,4.740027379613577,23.5609955909329
7.390035726213863,81.02457346010912,81.49778000647933,0.15999830182935684,5.212817326893435,NW,0.8569789739323858,5.139844818991013,18.523010333990165
9.614522248461576,81.33346560729022,20.06357070111155,0.12573918436882736,25.73715798069323,SE,0.9623293047911234,4.808140922355737,22.87536035157817
6.147233842756891,80.56612718743638,276.2004305693076,0.17833072481842044,7.887319278722651,NE,0.758565946005319,5.746016525752973,30.36628334348857
6.269442112445514,81.14602760900739,256.28623514466017,0.20843434279712875,3.904401524359664,SW,0.5585322064909313,5.983774863635937,1.5616787667874839
6.551163956824918,80.77898134136787,227.8418248163452,0.13517429129530523,6.673943128223105,NE,0.7640888607115086,5.813729222099534,39.3482816841629
8.2808513365075,80.19886588656088,66.98808678088801,0.1797808013401514,36.94925583507104,S,0.5634364140315467,3.6164388434354064,20.656539113701285
6.50188908402399,81.27365037514224,53.701801338796095,0.18647392049108463,32.85885011104763,NE,0.7962467395882025,4.082386311337917,16.09052686680344
9.772305525802935,80.96857573843253,38.92932985226729,0.16193346804192882,14.162582494203765,N,0.7412465302638315,5.109822527791323,7.082804887898512
7.686858109034082,80.55310532210254,222.72817285641793,0.190109758736427,26.232830693095714,SE,0.8112876989163909,6.304466121331403,20.336476471771455
7.906071841400665,81.71381229916513,280.0662289926079,0.1610731543491012,21.491026946721522,E,0.5050234905274158,6.00487032515635,22.838201936512668
6.886634463221626,79.84396164743613,140.55002985565037,0.1704637287977435,27.084970539302557,NW,0.597420245827682,6.0276035250554045,18.76045455771302
7.783841009738934,80.46312361762394,53.35938815889349,0.1207353044554427,27.306846098510373,NW,0.7456652159560655,4.409624581279025,30.861044128383472
8.547654530548046,79.91945093533306,163.46998980498984,0.1891720114134689,25.149360602399717,SE,0.9752517807945674,4.788343691236108,19.519447265405944
8.90470854781617,81.40970736406543,117.67293408841644,0.18613426789447246,10.644054741492344,SW,0.6918045201775792,4.912117841947812,43.30237342524923
8.915472330839652,81.27442565363897,124.95097881799936,0.12384008773263445,1.5602568305127251,NE,0.7121860130268174,3.972114750049731,27.36821078423804
8.211564450776354,80.49583965934626,193.97257476359803,0.1568250107395133,18.222671279604352,SW,0.857348044503311,3.593204390733369,36.52902916868399
9.51743909997543,81.21889209463485,221.24107171341666,0.21790318407916676,35.63895538762815,E,0.8018963786430591,6.340708698381551,5.811659736817069
9.169631389224438,80.63146817501149,50.969007684485035,0.16207365625686168,22.779890340743037,SW,0.6494630750491666,4.22213775699052,18.480816889619852
8.928192458794502,81.38813296198711,29.96526462581339,0.17019454051318417,33.295641668076314,S,0.7054081977837139,4.219846711170894,15.82129886367472
6.122422086721842,80.75378569174708,298.4124847520002,0.21099301581597185,39.664973718449126,SE,0.6088498994286162,3.7501371613062786,26.05722507801004
5.927511848878598,80.66578742844649,85.16393769635451,0.19172618758657564,6.544648165531051,E,0.9830107295651043,6.285523255831336,38.888994882702725
6.749789108781892,81.76293282252544,35.07254697436854,0.17820701311242235,27.67110556567929,E,0.5653171907786798,5.239211344819315,4.446881581528293
8.55409437565381,80.32684610977047,73.1650921468576,0.19978046813410727,26.971742948000987,W,0.6859183922832097,5.501110571376062,4.193291113967275
7.544789955530184,80.05293941399279,30.908196977569983,0.2064366266455973,39.19821789433114,E,0.5129194861100056,6.234730661789158,38.41397915893435
7.509625037197248,81.02754053784487,129.70705049280807,0.1656888071737267,39.424029358112016,W,0.6108897459667733,4.536860506702368,10.365403785687727
9.438347552918454,81.83557580579678,244.6724996463708,0.16751083649318355,27.46714446896518,N,0.8902355691900774,5.364521933414252,30.425143195791804
9.482251392527356,80.59346234882709,115.54844593216177,0.15860509356518357,9.74459167928777,NW,0.6005876161444397,3.6163983641866624,24.88663782387543
9.536701056214344,79.93027720362043,144.37135392594263,0.21667061400184606,31.942233525223962,W,0.5400317012644829,4.060317584693388,37.647318175038095
7.15551230606011,80.51254106135009,209.16429659888286,0.18971662542903506,4.281165368441524,SE,0.7372265899222616,5.993737415269828,6.503912032801756
8.664223250957047,80.86245647407108,162.49033961956644,0.12832230662080724,31.227972166865147,SW,0.5049846173672592,5.800305069015007,6.710450491794896
6.986532725097479,80.14003831392765,261.2047920859708,0.20629596233130185,36.40784496578786,W,0.5423830772131666,4.551928074371441,25.50000785224553
6.662439332297799,81.18201465791864,262.48998901281186,0.16805599408362681,15.31333579073741,E,0.9038129347814876,4.630431883322638,42.64066074776832
6.638529829389477,81.89527371692142,22.77499473752302,0.12687539064224873,25.22541179932322,SE,0.8857366724298033,5.100663300660738,19.259901368313187
7.2684304834543765,80.74865289956104,237.85296581529576,0.1749717255163311,17.205709283873052,W,0.957569410202448,3.5007230140554038,15.385452411206577
7.619830479119287,80.54492996913345,149.0054080676687,0.1617164278975702,17.510602199525138,W,0.9272577179553747,4.223733008114084,27.694330220706977
9.223796684220273,80.64147875035238,296.87535156502565,0.2077749404862625,12.414835564324802,E,0.8415877816199091,4.124695425824643,41.93973842398137
6.379564373890849,80.04180697462992,155.30498124512184,0.14039946036093873,30.485184818012986,S,0.5261664286503314,4.2514488402492905,37.824824645163446
8.839703389579578,81.65487456299508,296.3308647087233,0.2026464609492183,37.44706256666021,S,0.8914243089933287,5.917717527600324,44.801278872261676
8.025819656757221,80.67113387659484,231.27942113760625,0.17576886911854528,37.63003436937844,W,0.9227554054202802,4.339021569639329,1.993017660904592
7.051781370703971,80.61327626399216,89.60936769172577,0.1254610303213469,6.991251394997353,S,0.8995410728859772,4.0745639661504445,5.965758367361538
7.871278338131299,81.185349573154,170.75059420034816,0.21718453013254846,34.98974598626264,NE,0.7542395176540131,5.0127903823790945,27.816581588131367
7.0997682791080905,80.72827018395536,297.7979790540032,0.17126152441032,29.497257657084887,E,0.6164509193247408,6.096935109118196,37.105363330689386
8.284327820953225,81.16129028449647,260.10857017053866,0.14908768542315826,10.113496027611571,NE,0.9226649878443633,4.2240491115125,13.550751061497728
7.635375691420977,79.92903720927465,47.262730261541904,0.1669406841989258,2.691384516860582,SE,0.8635814048700692,3.735608728378396,11.525287873505626
6.557622116315516,81.50881902181668,217.7841591067989,0.20578577835174888,10.719890675375119,NE,0.9903805871944258,4.569214207548994,35.62693517277284
6.366332298222787,81.77505830104676,116.76228404382766,0.15049031243850636,36.488329471261025,SE,0.5778462988779665,5.742955473694933,3.4808015695421894
8.08678272828852,81.16240731093471,21.95503332649747,0.13926763964867003,25.32714699583089,W,0.6128322915260276,5.152071634084384,17.252836493633744
9.509652133144414,81.8045884506035,132.9746713275599,0.13290712469308813,28.842186435914876,SE,0.6058990749407513,5.950380108723042,23.255605794062507
7.275830746230742,80.11800786017692,85.73123808299196,0.1497859398390211,10.286094044363834,SE,0.8962698838106684,6.378776442827702,25.65534167141423
8.832000428890494,80.80257399790874,249.28339574573204,0.19800480870400433,28.77552622299281,SW,0.5934536482250591,5.877987430254851,33.059066898882186
8.534645419759068,81.06379414128544,114.45257047681434,0.16716263651952618,1.1248602511169503,NE,0.533329914911653,5.31140923653126,16.613211830948963
9.626219657237925,81.0216469595845,251.70663430706878,0.142748160369354,15.012853830920552,SW,0.9992804032928143,4.980024764157141,27.958111165682716
9.183924069196564,80.64306973608699,20.167422873742687,0.13661849996097492,25.07013394169325,W,0.5124086057225745,3.6202072590448,26.75651860280208
8.166421035621852,80.50997725966914,106.18936200731336,0.1532729476510379,5.843862621652809,E,0.9176220300794329,6.452965936442124,25.095108428764874
8.52812199293643,80.06633044735588,87.52626000617335,0.21399243728857087,32.92014297787739,NE,0.6826834207753264,4.650443367725128,29.181264898257336
9.49354586633614,80.62265914618078,85.39886109921108,0.15430267125900243,9.401251952476745,E,0.9208077298789077,3.9566846417506003,12.415763526995358
7.4980751383477395,80.14158771172151,39.09225353432956,0.21881240759546355,26.091244512737852,E,0.7773102456055725,5.500126566189371,4.724545157723675
7.20717882343111,81.34216792063366,72.39479571494049,0.1685230455765356,16.207885703013186,SE,0.9508156147431801,4.352864867286378,6.247953569748711
5.943244334540786,80.23854496453863,175.55387956797355,0.13791639182901508,23.841743819105886,NW,0.9630964932073134,5.257334812793143,10.881624836771646
9.206204296765858,79.92298714109752,101.58110039456845,0.20911400917935094,4.298022105156325,NE,0.504549090640388,5.260303723533774,23.00870916300255
9.10392280161346,80.95996888941619,136.87053905216143,0.1660355373134827,0.676511996864293,E,0.5377060879963942,4.837189462708608,37.979481024024885
6.3178180724006054,81.04998243871074,125.52272649721279,0.19096713435045243,36.38257709521205,NW,0.6251793647854278,6.008355846635128,31.8569070518889
8.207429524530802,81.63101742868906,265.2533789999705,0.2183711583209152,10.785200350687312,S,0.8346577081817508,4.294901184666329,35.71778658489007
7.75592679266755,81.01166138607714,273.48371972294433,0.1250175350319974,32.787080111218366,E,0.944136098255753,4.845897774853203,16.442927452748023
6.374836382036446,80.52550979281924,158.0279520636408,0.1296694559787567,39.974012018888004,S,0.7299709756469814,5.1130763857729145,18.80476463253621
9.822272908242894,81.48632495120528,112.44366608836924,0.1920456741462756,8.457250319956447,NE,0.8034865581371327,5.490874162301899,18.322002983586962
6.758783549853423,80.93458567569358,49.90419712066182,0.1481825003295472,10.606829647334223,W,0.5942499263977805,5.851915551516768,9.442420113798066
6.168936720362245,79.9664885977255,286.9528062269866,0.1384301396950099,26.514391505386627,SW,0.9024834169408427,4.684421848634768,3.693532958317169
8.279389518007639,80.98828617665782,36.863544572083285,0.12393618798197295,38.61794538402485,NE,0.9836640556767349,5.438140832289788,27.00030808439798
8.85546670853213,81.7068389453855,103.34207771911852,0.12218467119862017,36.63257392762976,SW,0.6342994664572987,3.9518328592055574,44.52553407050579
6.029773784188748,80.63225651354627,103.45853632760117,0.1974485603119791,20.115020802623395,SW,0.7474129758002732,6.297944301627435,8.340507017811564
8.534870554908089,80.42228418398958,109.71236011926017,0.133443342736955,31.80441130106899,NE,0.543058055253187,4.649176419263011,3.0541320755680452
8.029167503805818,80.10128585973784,66.0003161162746,0.16677206159711508,5.429834123996042,E,0.7795683282314843,5.688564265929315,35.29939400025305
6.313060035500194,80.11803559606425,239.2852006586352,0.1805896815179483,39.09752736816049,N,0.7513917209233403,3.561023245646533,12.113784294127864
6.590095507785449,80.70882011711782,54.299401350476984,0.16283518005688463,38.57412936143946,E,0.5722182420775388,4.115561428714421,37.50432743552885
8.171897189264323,81.05092763073921,197.7738645628856,0.12271066523362331,6.549158315166839,E,0.7210331065590375,4.961247632970734,31.973213349518677
7.085430454053154,79.96929235085616,54.67688747762889,0.19835015025879088,11.976924992124264,W,0.6670523260432817,6.13475740319704,42.6096356302354
9.653262914605264,81.77309403695286,39.74997852602783,0.12105132245416535,4.006199900270677,SE,0.7609154376525946,5.081765449852032,18.992798373293567
9.174960917936204,81.38578059663492,274.64026103204543,0.1961889894377484,10.868703955927188,SE,0.7928271677143996,6.289611446881637,30.1266729358279
9.834268826054652,81.03191022839569,73.23605456923758,0.2093304493788123,32.63823157660826,E,0.5042477893036048,4.951390689748389,21.453610355783912
6.938683355801656,81.53972120897188,249.9500432767172,0.16328399210571723,15.13262428661038,S,0.8805029914747777,4.97134729020785,28.745902681575913
9.77889453119191,79.96839218930543,172.49664390999803,0.1735542473097798,3.535878685870335,W,0.8565071459308704,3.859240365501596,20.78235186434044
7.624935479166232,80.80136164323956,41.79982549045549,0.16769833926176536,13.689020991156182,SW,0.6831431931032611,5.907968732456659,9.299818842659292
7.290075181255019,81.12319556640949,287.5254936026589,0.1589208618623439,39.255333369651204,NW,0.5264679677844091,4.240896237401188,23.34748630414876
6.101398107877413,81.5401711028484,89.1491267577299,0.20874245353703602,25.187343810368116,SE,0.8774662698925252,6.198837468116945,24.25770486324746
6.11106103143841,81.44528607610347,260.7006966987298,0.20939335106699905,16.64643785624631,E,0.9775875802390662,6.2324726609911885,36.666569323447085
8.668045023786618,80.38184542439814,67.26680161967798,0.15358163646415346,6.6615405398908,W,0.6200757980110071,6.329930335622449,33.362911054917575
7.731715977736112,81.77584835607433,259.1040069997188,0.1815069754014698,39.44707189134779,N,0.661762306868519,5.06069146730927,30.20683145342354
6.806086504144423,80.06112626700482,23.704067613482316,0.2126907562145864,32.83396037052515,S,0.5919064447409075,5.5312813543509325,5.989032204313192
8.35588122530093,81.63778059910442,163.29852783945458,0.21620584989413516,11.259092098036776,NE,0.7884680616724198,5.83554764018499,32.70711678920346
6.9114324730004455,81.8389745241697,235.4439222380359,0.17089590404220475,2.8027478288475782,E,0.5774206973237275,3.893043855951397,23.01342687959865
8.210527017377691,80.17202239876751,281.7427448979793,0.16528248052843267,2.2650222951023213,W,0.6780969717306897,5.3028715849924914,40.340379588671006
7.336834987930762,81.31633873482795,274.5765981378164,0.14786943159285257,4.815125980221353,E,0.8485065069671315,3.602893703909935,41.47432110174388
9.194208906447276,79.88459958943379,249.49496347334056,0.215887187319041,23.230743344576865,NW,0.7800579915046741,4.992698250166177,3.4268899864785602
9.182784643067118,80.65138793279223,268.69357790516517,0.13428143044728674,37.150536848219694,SW,0.6932312821639677,3.9645280448606823,37.10822865559707
7.809401592489605,80.88419492831511,75.78151203438142,0.1779829576047725,19.869737120239378,S,0.710124800903771,4.048768777886254,2.658685178597507
7.303276437340063,81.01935497441023,99.57160279928405,0.1482550267518639,33.71781929824789,SE,0.7810554413116148,4.595142700077805,17.155463530580995
7.3502391862363785,81.76546822132198,100.91118697789638,0.14790082903477966,17.835464794392312,SE,0.5029323639435807,4.797311500149509,24.861198927327482
9.122858102672872,81.21172644331781,125.57510068047567,0.16049685873761885,28.34334183071301,SE,0.5392549342268049,5.3695172735965615,7.516435139593607
7.212717931190449,80.81068369756039,130.12978770785284,0.21987929358156544,29.274909491460033,NW,0.9406290338815058,3.723285255315547,33.83780775303938
6.736237494827384,81.50031757615837,172.47549090330915,0.1254966306839822,6.958548236133546,NE,0.5389394945456454,5.011075283712334,1.3676069835740972
6.238753367501228,81.79611892400426,64.76633374260359,0.17785418182035315,14.44864235903247,W,0.8534017981052526,4.0478753907593035,8.418358131097621
7.766772483537634,79.84633891223281,213.549065860077,0.12825721580352772,25.492086261520956,S,0.9600190820545262,5.221925525095226,26.55506051355293
7.828528395679368,81.86329467173769,66.91863100526182,0.1354520829990519,2.8278643273746473,S,0.6353418021508656,5.41221383678355,32.43305272964086
9.26363484161163,79.98087749203373,106.8863749892733,0.16395629417728985,14.461607510518263,SE,0.6852457185297571,5.170127769658562,41.33229651853231
6.784954785784256,81.5102122364644,160.93663656972313,0.17104601313464413,21.391978651247697,SE,0.7844607029223581,5.714886531434923,32.041852685123445
7.4239650946735996,80.38870298035796,243.00335722657366,0.1458792408364524,39.84897972178555,SW,0.9408544848192923,4.506827732722704,30.5582878912141
9.133622955574765,80.07757728128313,227.05138530684363,0.15164571308744162,18.98134250489763,NW,0.97095279363021,5.795319774899393,18.35101043942923
9.194494442995895,80.72369684339905,200.74961979494623,0.1286967020255933,32.642270284572945,N,0.869781624055634,4.798301245124581,1.0565147231792622
7.438444303915073,81.15230881683999,63.61651296244764,0.15032197838442504,17.28269140266471,N,0.5433098804273471,4.95255349496779,6.2870073843673655
7.736496093146724,80.5999988745493,173.17269677236175,0.21665584393805443,31.855628904788354,E,0.8345770777674254,5.444306381783214,24.52039996926572
7.1131435633971325,79.91458735739367,44.485020503967924,0.21447073816724815,23.816592064804336,E,0.705151860936331,3.5550751519976718,30.705714977154464
9.630219513677249,81.0588683932833,125.66168950306222,0.1534878290136985,35.463817660095934,S,0.7353504997455308,5.461982664260745,19.36772449144435
6.374575062966322,81.69504687983242,135.78462848118858,0.17708539362787615,16.437702094004397,S,0.5245741951725885,5.355755447216346,33.14987650724917
9.63499769200588,80.60475226848924,31.14720304481107,0.21095953911109444,24.172176792859155,NE,0.595531069673179,4.429541350259839,23.961940994615865
8.635465807341372,80.25429883302473,96.7166678515921,0.12061838226408966,25.200747224753094,NE,0.8952568037668238,3.757382854698468,4.263752606149737
8.026288610746924,80.72941242645891,287.581850834617,0.2010683570337592,16.69531767201893,N,0.7269794165239298,3.7728063497391235,9.448715042589749
6.030636243137984,79.90156169320244,287.01713019231306,0.2148369552788919,5.772481747499261,NW,0.6508311208155744,6.269671240955686,37.95992182273349
7.802384767288034,81.52302392740859,118.651575190711,0.1291325734333557,3.742376276493422,E,0.692009536982479,5.567837963677512,32.89616085147534
7.5309924200109295,81.53531570299539,32.068030505530736,0.1361447686032921,0.666862023985324,N,0.92719975666284,3.8813078413122213,40.36952742854978
6.544875247900491,81.03480097320222,70.14658301189084,0.21607463027713553,34.94137056980858,NW,0.8744995087024785,4.570169507926719,6.1725189613212095
8.525638414002628,80.54151606677061,129.82098216139124,0.17375401436403462,9.458996489547783,N,0.6361576985905414,5.277448981704789,44.56979152306325
9.784603629473143,81.47954506533615,285.37831543138435,0.12141966344717237,8.460269971270723,E,0.5587509201061867,6.0067151152719465,10.21389541379708
8.148755244258101,80.96484275205557,59.53573779041178,0.14576319987635292,29.44141601704262,W,0.6259991108220359,3.6309827861390254,1.5183145566122485
8.759013105775784,81.53445784795504,233.78443622709943,0.16499436742688595,12.80064452349567,NE,0.9603782255273668,4.2098993944100265,44.886609318356385
6.1738018102640675,81.12606346442435,50.43111102491378,0.18929089110247677,20.241787696473462,SW,0.7907944189248777,6.169246970886141,13.367250959584979
7.570667983267979,81.44725149374688,294.75212166955754,0.19331603781367995,6.500442611898252,SW,0.7667401043723914,3.5274966505514493,30.392855910552637
6.365433940657984,81.0569822857573,126.85261975055779,0.21954215129254562,38.38982885847877,SW,0.7981967998462307,4.1041973083816625,8.77402182375743
8.351183342146042,80.6696962432529,237.0656708917357,0.1487511199383759,34.06325600068949,E,0.6830141328732576,6.377072527918898,26.530055416762234
9.65392863285662,81.81168630584489,115.9255031871169,0.1738220101868475,34.55158491860013,SE,0.9035535101597564,5.340205539566513,40.777539404000606
8.547110929886554,80.93633903224557,195.74728560446644,0.17333235478596049,16.270949942880208,SE,0.761643124650125,4.2850140999125195,15.0879713668513
6.2072121932576865,81.07068798893513,73.76450372721028,0.16056452594472376,30.49444854828691,SE,0.5583739513843977,3.700973283187543,30.491174945951805
7.318664819940332,80.26302404277098,60.88588540314951,0.13691618938424202,5.755046215591206,S,0.5645325624145314,3.5845740213416666,9.267757907130326
8.102653517763407,81.11386665779729,282.65795907907676,0.21774565631838427,0.3447601036712111,NE,0.7684295732513091,4.234235238910782,28.490997543623912
7.512831024533009,81.00037606391419,276.94123781324134,0.2053317186666586,0.798917303121125,NE,0.9682851090354196,6.144457458766731,15.803815479970446
9.23457604190069,80.18816063568875,268.4913032596071,0.16983330282942372,23.464069496182418,W,0.6541760608380993,4.747740962892529,10.293163377869874
9.158684018839956,79.9251329044416,195.12136604664616,0.18032454226840297,18.21579620991763,W,0.9347705844296091,5.661000107497979,14.780010230959945
8.347324080412886,81.06915457140101,246.3150991405579,0.14272610535596622,20.72061395634079,S,0.8820477932894397,6.254855106139873,8.869007014343172
7.393831780530821,81.40375376563567,39.33034233518498,0.17437870703917469,0.2985256166887762,N,0.6239062214534534,4.72412138480845,40.68430874486684
6.921345495052977,80.89914287893622,113.74093172939016,0.18949701331214758,16.907464786297027,NW,0.5181703741581212,4.073832113112191,18.47622299795367
6.323497272852517,80.27622251317125,107.83687493200374,0.17151670283865889,28.722726448034432,W,0.5509236325711914,5.051353792570758,11.792289418872162
7.3195907339462165,81.19969615105538,197.98069014673172,0.21902851705849413,17.707748078697435,SW,0.86424696692372,6.224251061179563,20.729945004701047
7.552690068830879,79.96822202588017,119.66817657177934,0.1811341656247726,29.28876825248889,SE,0.5998348690203233,5.913123242413102,15.103591339485805
8.603291700416294,80.72785078008411,61.58189886023062,0.1570973712592169,9.320758575873391,SW,0.6856354602526968,3.6974895300894612,33.754447167786346
8.532639297190293,80.14307019263669,187.01078111579224,0.19721520276158383,32.52568017926902,SE,0.7508495830032125,5.577718400232746,43.733676122961754
6.180432558565029,80.18736400722575,248.0274977873428,0.1370462511581642,23.53724961813809,SW,0.8627340842250815,5.215692567376861,20.273480894696462
7.481037261724632,80.22481729323222,126.9945784487925,0.15845158137062665,8.430523977196248,N,0.5566156116295626,6.222389529039276,38.88546959877858
6.627115468869448,80.61208481979236,57.035240227574874,0.15469589503775857,9.468819034153316,NW,0.7031832026387308,3.867444250550892,25.89797523662326
6.527250821267224,79.90741543180283,75.07269524759045,0.16318070951077773,25.12121858278148,SW,0.7425364545713478,5.10210833961397,7.918369264146273
9.209208598948983,80.6353662259511,86.49532544742752,0.19817798259287261,33.19758372849773,SW,0.7704135319857699,6.138388080535677,31.38740065157903
6.0676608668650305,80.87458563894087,103.97132603847014,0.16841730321634074,16.625111281166205,E,0.9091803206976083,4.730071360225229,23.591117873536085
7.576731503608485,80.81491799842928,199.98261974176657,0.1994014450265963,10.33201716510369,NW,0.5858390975216085,4.945984753198601,29.62668702309255
6.572814623066073,80.60384661084639,188.26473567056132,0.1776488903139866,34.68046427642402,SW,0.9039157259133112,3.711382033000875,40.14624615315326
9.417320862713897,81.56220787694859,214.90236123877096,0.15420694346575553,26.770731670033395,E,0.8464392138483261,4.3344309213467325,20.379121108866027
8.12816205310014,80.10518605408306,121.5005556688237,0.20099787436834726,17.92341949132306,NE,0.7779354070994797,4.473519947506842,40.65181542156365
6.8255225455073925,80.86196316194089,250.71934252639392,0.14382896705530915,19.516007811172074,NW,0.849763935201286,6.33536734623466,34.029436628392816
7.909709148665506,79.93028697560877,77.14454512361287,0.14243829797997953,8.170258717455855,S,0.7060088694758282,4.348002081623477,22.49861673863133
8.825945438812465,79.9494269256436,151.3314093050831,0.17045029240548357,25.072105202593757,NW,0.5691987929840623,4.8826062058089565,27.5417739689504
9.732472035677736,81.00511828432191,244.26284203160048,0.1460849245962089,14.349700421715546,NW,0.8328826201326837,5.513913270692839,15.325569830836503
6.7817840169816765,80.98863869226443,70.4444213651334,0.12090870349512163,39.82580706697397,SW,0.7623361533428111,3.986550117223632,44.278281188506064
9.44472708851738,81.64387037697337,50.76167184741922,0.18482975272988017,19.207340610475512,NE,0.8196874002713878,4.959327161425623,30.363451174217424
9.637216456669961,80.97153471888616,267.43151095263715,0.1711093821472398,19.43542424758453,NW,0.6689993905142451,5.715617118427723,2.9292615098517154
9.565682178128265,81.81556114285019,116.02030557257486,0.16455178144931612,22.634071496426877,W,0.9534332886699179,6.100565639081198,15.371363852912385
8.44165742744764,79.90225918163985,211.48363497452897,0.21669685146183154,36.67024012474987,W,0.7936849342877885,5.37877782398728,28.42583508539853
8.419282617738832,80.00581613803955,27.097609193902773,0.17711991839629138,32.03272399439001,E,0.5427012421454369,5.5071605459508435,3.478664223166551
7.5128425327352915,79.8925383092978,213.21312875464588,0.20634315777893847,18.045202791913656,SW,0.7249019953522143,3.878850417753707,2.0509044180422817
8.909591529215152,80.18908138570043,108.50836723315174,0.13394502362051602,28.747970638911838,SW,0.8781780273718172,6.337329491739041,20.801066539223314
8.025176073403728,80.93666723297753,35.60743900448369,0.17692064631294277,23.449419951230468,NW,0.8970672808661362,3.897722232453447,15.63836790647748
8.609752284913178,81.1557015809976,190.74757323347276,0.2067979626730903,19.694681948049958,N,0.7472985263818794,5.824018811545395,20.2851387534593
7.613831615395182,79.8957288316922,87.4250685004885,0.1783105757279898,7.692630911374021,NE,0.9473737854156505,4.294448965334956,12.558505634720227
8.825985856172556,81.78653886867576,128.3060277745264,0.19180141781270016,18.55745053819564,SE,0.6338342185971488,6.300779431103755,8.24758086549116
9.197886070418196,81.56854729096581,42.56262744022381,0.15720435678122074,9.832743480902986,SE,0.7052993486191332,5.659878618108438,31.322307707134858
6.485745026411265,80.42288621252989,61.20571030658469,0.12924495170370665,36.593685994066185,N,0.949298455284485,5.761441138935107,23.641129115783222
9.231718862296912,79.96209381347558,103.43362593883626,0.16579002951270713,13.416272539853878,E,0.9481283582357894,4.15717751917965,9.80678529497214
8.061186127161228,80.15676285376001,45.132660156844,0.15944793908388574,38.09056058133489,SE,0.8428563844123405,4.829119929905483,15.061934755439925
9.278663636360898,80.06658326888544,275.0313541121683,0.20670601823789475,21.322211603788446,NW,0.9294902735611101,5.353439583767859,27.03954793718634
7.625206825364058,80.05889593652779,21.693172091513958,0.1443995302352472,25.261775147046414,SE,0.5443866334781163,5.8099208546198025,4.178091323989025
7.41616194153214,80.88897954619804,155.4808612820072,0.2166734227535108,21.71761777957311,W,0.9324974881038881,3.8118781277371685,7.4879324077119005
9.56024293006889,80.31627962923613,54.50928827711441,0.21581381198044963,5.175224678668036,W,0.6603099532751133,6.3870959493635855,4.222806580725165
6.904677070193605,80.5520934047112,106.15014505382558,0.14476316430714387,15.032848760317638,S,0.5891657562141082,6.1706620116636675,36.74196263942123
9.276849301144573,81.87796120010708,279.29667674911434,0.15480519554773203,3.9658444911049573,NE,0.6196849181710231,4.311045771486753,34.10600626132841
7.836082290037616,81.23705992274323,65.27447491671631,0.2095555740873885,24.91816176733527,E,0.7089842540069435,5.968280729096996,34.14576900268731
7.95638177020504,81.7928594007987,290.4330495211331,0.21666222208961075,17.87496780801756,SW,0.6255960023022336,5.05497176911947,32.51831511294523
7.133873125957937,80.09936876556954,77.62242555703807,0.1643439102836044,31.11939886283747,NE,0.6602837930082495,4.885419444686056,30.452958641474243
8.192168802476063,80.6024928971484,227.63851037071228,0.15209970456408978,8.818819239974793,E,0.567489243035821,4.443302317434216,21.9876442766397
7.200844785104845,80.96493678689295,173.0696341712473,0.1726094013251542,6.582642337173397,SE,0.6480883827794992,5.242905759894777,29.26023919431306
6.05707765696661,79.96119192996635,267.6540437270926,0.18877692063657348,16.253289238550714,S,0.7861419072710005,5.689667353110793,2.6879084106708846
6.987994421377424,79.80879363161871,175.11811154087667,0.14734745153749798,37.063415328735246,NE,0.720926854045532,4.732798714888275,28.344434596898523
5.925516173626363,81.20791210097353,169.67658136376642,0.19364731746190728,28.41687260049647,SE,0.6733593806179556,5.387657579024877,35.2266190436226
9.813419148227426,81.14782098528302,74.72824010315196,0.1251657357114641,16.756944991716747,E,0.873226064428557,5.597938763465911,23.01576785691317
9.76298883927899,80.66265650099919,66.54422137446444,0.12492944927644165,20.69088679017242,NE,0.946754985696659,5.633365451045858,16.730586450798427
7.48062118988922,80.82825255966728,276.61696231234396,0.1586287705145545,3.3685204470839336,SW,0.8783946114511985,3.6558982943935407,13.20677633124308
8.813483417358585,80.6724303012434,111.79469567800953,0.15534731920607206,39.383035855044525,NE,0.6660003510588396,6.079243417055201,29.28329020713163
7.2832243936417,79.85041059417426,124.18303138961086,0.15156332153671523,26.65629218779676,SE,0.8722210839187768,4.874759944295144,31.483252739715986
8.584372628343905,80.50428037305667,232.75062435994874,0.169101976266891,11.4161627385369,NW,0.5759900912370256,4.2872482450886436,39.322574393951875
9.121720172183917,80.17187273633431,114.87057507838605,0.1520733582311571,23.432335768609775,NW,0.5651589940456454,4.225293522439045,16.062699628283593
9.687024978768964,80.00669079711287,286.5774850589208,0.1392257918468092,4.379294642759759,NE,0.6728135185180795,4.949042338531852,34.869981524965766
7.500849103398688,81.80911291116765,226.6197753196641,0.1509469549088601,38.63346675230334,SW,0.9038511845220285,6.160494618406878,25.69965626433087
9.033191931824192,81.05865542258854,187.2801879205576,0.2174904272810235,6.9913995153346375,S,0.623174123621151,4.635042745047941,39.84480558983548
6.963713802528476,81.33017819689687,266.6506449525307,0.16111134169948485,25.921212722208566,S,0.5316267044493398,5.74917724035063,24.223732765007313
9.861329215174594,80.46226386085884,33.88965433785517,0.16447127768583358,9.818178501557217,NW,0.5658547676031775,3.790456192961656,23.775712449510557
6.003078395057405,80.62560897193744,91.97755381297844,0.17765449899511399,28.70245530594143,SE,0.9293724842647901,4.9281701064531855,26.4265915834
8.314115226004484,80.29754038718312,150.21017358185478,0.21833407684142264,31.07285468961124,E,0.8168916423736439,6.475058421178207,33.96987562626711
8.538023926605309,80.00362790902739,83.55399105202588,0.1441601276435763,26.936789156457305,SE,0.6266005816849883,5.811313408377011,43.44638106845228
8.652182228296516,80.17596643862733,228.29345244460254,0.1881282110532434,24.5799784102077,S,0.7776479126640907,4.131585465321839,4.236787585493689
6.381550315156357,81.47477949512262,277.37824869504306,0.1915984693541724,35.69876375808047,N,0.7637898112126752,5.004324421093732,3.351122505204755
9.654119133892522,81.22284619088593,138.65563358065856,0.18073244167930658,3.1450684395903217,N,0.8277179892203306,4.200874290945699,42.25221484592289
6.624733116200332,80.9485506395695,115.79712803133059,0.1288578339636644,13.236590631207807,NE,0.6165937772108081,4.728682781787528,24.314527522801068
8.391013612959364,80.79768873302021,289.2342049985186,0.18768722758275763,9.93149918523384,SW,0.9322014935971988,5.840252071204894,28.055732640945187
6.79070431649234,81.73711199567786,144.55868119171143,0.12640947110361755,39.52055848261686,NW,0.6546842810400064,5.813674445871211,22.22663847016807
7.1288656680850835,79.9527433903352,156.9335521257993,0.1796142649549897,15.57559118667494,W,0.8470658269881184,4.184301133707155,5.1209279147288775
8.085834166912498,80.38926170779962,118.4619642557335,0.19395811772217425,29.304507969615948,W,0.5080623231861074,6.2666699544645805,34.79593265042133
7.568773674258306,80.5348694924985,274.6735724433987,0.14109698906199503,27.389006555240183,W,0.6863285649470736,5.27770454829448,33.87788438389782
6.540902403906026,81.44309420564686,179.3075353189182,0.2041622007542774,8.483249499095109,NE,0.6758549089794041,4.639772872886043,14.714946145683728
6.583745609683394,81.88428070234015,233.4088844108605,0.12303538055330042,9.559907208462054,N,0.7717422142915072,5.005806742342582,14.474526790049618
7.572579152651199,80.30540808099002,247.30588113824817,0.2043812863658306,11.251382542121364,S,0.5363681308885982,5.315213760313231,37.865020759842814
8.929131913102003,81.63604540168788,115.71773173683229,0.1660329050642765,16.445091130375168,NE,0.8950656868630542,5.179671595537356,4.183719340618371
9.491858587391155,81.54430779690676,141.4344127697064,0.14175879399316443,9.373002626021073,W,0.6088904008837843,4.959215106608535,39.768626527688895
6.236510649037532,80.27178053504771,257.57209683375413,0.13337781449939679,0.7860593098739121,W,0.8385189074410051,5.014798412268201,12.293114355420235
7.472415630237604,80.63859841841837,121.71149846922687,0.21533071675823726,35.17572227228782,NW,0.9016060616220466,4.029235731283658,27.09132890124173
6.300982254891506,80.66031302551428,242.30183736651836,0.12726655875811566,38.62439325523536,SE,0.7809384781207566,5.938198712914038,42.18374387607822
5.966369922530392,81.85426340390578,283.4778503208424,0.13990934199359256,13.662815481262719,W,0.8704416033609927,5.125280959823046,30.837390067612443
8.546874730575826,80.17987299289568,194.49890445904197,0.1547822347433046,13.540275177018914,SW,0.8309301561075028,3.8932395851141095,19.23491174854961
8.309797767866351,81.47823173932005,227.65564048652888,0.18202348489611203,0.2836725109748395,W,0.6777648985760039,5.798471304748334,31.339505191838267
6.552076455259545,80.50180469976353,245.42724737151778,0.17448010852760984,27.210027533214962,SE,0.9044292695167826,6.2973319351320525,16.13510399792029
6.835251332372257,81.33482772612994,256.6111016910599,0.1325643492412314,33.01759582994515,W,0.6473506849427639,6.341920697710886,13.19937031936419
5.994831014578073,80.68202310902089,130.61493459990288,0.14897279837382146,5.8643320144001265,SW,0.7856064588757585,4.607053197233518,44.85406422912591
9.239788822777616,81.01455550254474,34.35376856927949,0.1438751771086024,6.38665397468603,S,0.8726988695707698,3.906550620682262,34.03477017191066
9.798762384194205,81.54848472398488,132.52535594628705,0.14135428544903414,31.60332999885751,NE,0.6894779549062537,5.055198879899196,29.367679004799975
6.441838147178764,81.48874768646616,208.65174433954513,0.1611144336479987,24.651629934165786,SW,0.6513838038087125,3.8378276880476623,16.63274430165003
6.825900855061192,81.61948868543338,146.09810801862199,0.19040314525916568,1.7944223051086805,SE,0.7296730050864113,6.301962255537852,3.163076482822119
9.373638095787737,79.92519638322378,229.7096822409116,0.14174529322172358,24.901879618491268,NE,0.9089817471745768,4.050738882065438,2.366502545546847
9.60585519182474,81.25330616138346,119.95508025122588,0.15666788797029813,12.356708913750643,NE,0.9649608815728323,4.258297579853492,25.383975239747148
7.578509531227242,80.0939734911157,197.72835950912827,0.15909174268411622,14.749006218833838,SE,0.7725417064299451,4.719909580654911,34.52943972571825
6.102489889076297,80.67321899283867,72.19754535911288,0.21764565294354102,30.789256731875206,NW,0.8307331026618259,4.649493405677378,24.64468437952962
6.057567334771278,80.95203567161485,229.82344226058794,0.2154666356879069,32.43740770690442,N,0.9516368111194571,5.883988677193667,37.99454316532104
8.195799464276043,80.64575291796835,172.79487126764724,0.2000137582752076,16.014265073593226,W,0.5492734257064712,4.8689504616528865,2.470767456101752
7.471580435572717,80.89118451918631,77.13802879304816,0.14416589208191852,37.88611744025419,SW,0.6160392889330826,4.012304780010011,17.137091362741366
6.014609710310618,81.8927052484771,101.73512857938603,0.12680373140916695,16.25850871808289,SE,0.8544500031257912,4.301629686458222,11.431097211663834
8.233009569250228,80.083956358797,229.61043840291308,0.15169041377206247,30.873441409204396,S,0.9118722309561498,5.027340155562566,20.68001059891337
5.94521014635609,81.2184576952065,155.1283459852258,0.14667945494338308,19.355090582570362,E,0.928514514165289,3.942361752278405,4.1845613005413895
9.049487832597093,80.63160202940979,80.48880331006022,0.1705925800146394,35.90129306088336,SE,0.7075535884274663,5.334967026938042,42.981792229127194
7.125731290813487,80.07932057770539,290.83593330368336,0.1977727910067793,36.310449746007144,W,0.5446699511459334,5.197241919653438,10.823237647051881
6.061032012036929,80.13334720308605,220.23500554872862,0.20583229388788582,3.4966723148433543,W,0.71889073864981,5.644106949146773,41.58154212127773
8.253408883932615,81.79347352311581,287.9977531111429,0.20448640854105085,37.45973325240903,NE,0.615367295103527,6.313113846138103,19.739298821614
7.490737657732219,81.6471631430947,139.5894127008961,0.15596755612230678,33.02139366081663,NE,0.6455982274983121,6.236763683303467,44.363061863229596
9.795201653428599,81.70478811687155,153.02809539368172,0.1887234343460683,31.652428572506675,SE,0.8861337784187528,6.338226854206495,25.37856887224927
8.07679465001481,81.88221882923752,271.42746053180537,0.151283419752422,8.036453587420898,E,0.5377635430129435,4.234146791071103,41.95664602373553
7.0009567241480335,80.23746231901788,167.0138152687077,0.12609055432351826,32.2047683501866,NW,0.9137906087403511,3.894695919918064,1.2353555025458052
8.737755458535899,80.54642260846452,218.0380953335868,0.19015652656029425,34.005309387401475,SE,0.7138345429120845,4.406830101489345,33.922507471959605
6.985968010170845,81.20535996284222,90.60840569874838,0.12098275525697878,11.566013378166037,E,0.7980319655502975,6.185255518298944,40.73422873651068
9.516973165630262,80.81598533370736,145.08341123673935,0.16091825874584886,38.09040313449295,NW,0.5448261156178396,6.416160423870465,7.147704947073979
7.398887882029506,80.6786180200945,54.56596242689943,0.15293792693020758,1.99440585596657,E,0.6686795391786398,6.077974853211428,5.229537476214666
8.099474251104821,80.55140362360474,77.67441004554927,0.18933775385188523,5.9963701298855865,W,0.5448504595074228,3.830053163382631,19.681194716182045
6.102292415296915,81.04693932708125,20.264156274936703,0.1966245472760379,21.503245522060574,W,0.9807718614405547,6.342283994179379,42.081871869849145
7.6044849518089235,81.00874620014417,30.994214461624864,0.15040946359712837,23.03169884489239,W,0.9036308246631253,4.770074082052358,24.865008648379305
9.22945415864398,80.1390614515349,293.6394704895402,0.20116270144448534,25.806003332036134,S,0.7298163771782301,3.527930872287061,24.208084403756214
9.122595221453368,80.79065365878873,87.85903463829345,0.14939167605049336,0.6787651726186583,W,0.6118012741618355,4.827181222244581,7.209549205170163
6.797274235414106,80.96229073004069,205.72699866112055,0.16463263599865613,38.41467098488521,SW,0.9667275526249262,3.6382075090264028,1.0347384881016266
6.804316284042251,80.99760257133592,254.94791566389122,0.19270185270141338,1.7835237093657597,NE,0.6722982978634859,5.131633763483353,36.6461639928003
9.169221248852947,80.24122510511594,174.184928586238,0.18929202292247888,5.722478108936095,NE,0.5804922158436874,4.515662082311154,4.853280771394482
9.621593680677302,81.35876992372981,62.88046002350774,0.21873684723122,0.5605807010422792,E,0.7815821942269774,4.920304800782146,28.889392024354255
6.281443685092015,79.85291809912424,223.8726024541266,0.14251610242159318,22.674337331763788,NE,0.9718870601724081,5.339511082229351,41.24312399866842
7.700234557704901,80.54514689664065,188.07039482788326,0.18623179135395823,37.29067535683889,N,0.5019151452501613,6.10640328745346,10.180684178970964
7.249817115856916,81.43844656192483,224.75016501726503,0.18096819082757773,26.637886643218568,NW,0.6190624216269993,5.485704729415786,30.272004794424074
9.382753821829757,80.98417513421634,235.5290543999844,0.21150984544900298,32.90629873921709,E,0.9692238202052038,4.802146605434542,4.462737375130416
6.234099658720075,80.34844110827281,293.11490295172865,0.1356362141644875,0.5312481383432033,NE,0.585542983428581,5.958283561011095,27.56522632885497
6.74450377023215,81.25940155062041,180.5977184074788,0.1951798163586933,21.680611939189042,N,0.55662172581991,6.216746412719397,8.21299572194092
8.909873350345977,80.99152098272775,115.6595115533685,0.17682686162687683,18.382519100220875,NW,0.7850936078999022,3.8592798992965918,33.38195666266783
6.105175395924863,81.47211157985842,201.57007593206637,0.14746658697879053,19.958717768831722,S,0.930921911647415,5.095798932658374,14.254176970931962
7.870141522857157,81.34355289099864,39.16339858793532,0.1674434914147174,2.888527413407518,NE,0.7385549088469631,4.353535879227333,21.389204387404433
7.66842813871888,81.0812266362761,271.27124913004417,0.15337765970697978,27.3774144427723,N,0.9972821283422624,3.641183593630842,27.374943849215356
7.237604715954995,80.8251731181527,53.4266831746951,0.17793134027884608,20.128816594345377,SE,0.8395858497689964,5.505640085341956,8.536030069314542
7.4782892612756955,80.0796824639018,111.7959946080291,0.20890006108146658,30.60595399445056,SW,0.5370374536052238,6.088312332377677,33.63206401917532
8.019762347720931,80.3487993375593,248.40870657531386,0.1769304984412202,19.411625362468612,SE,0.9964160658409877,3.9887079634321823,14.31617498801984
6.545469433553533,80.68010889312588,187.2474659325993,0.1831722418326584,5.975265449057283,N,0.7039471183900952,5.9372409728717015,30.144361836161153
